Type,Name,Request Count,Failure Count,Median Response Time,Average Response Time,Min Response Time,Max Response Time,Average Content Size,Requests/s,Failures/s,50%,66%,75%,80%,90%,95%,98%,99%,99.9%,99.99%,100%
GET,/business-units,18,18,3,3.2135786109898214,1.0814159995788941,4.512208000051032,22.0,0.3087343415893146,0.3087343415893146,3,4,4,4,4,5,5,5,5,5,5
GET,/invoice-items?limit=1000,118,118,4,3.626194228780736,1.127083000028506,8.637666999675275,22.0,2.0239251281966184,2.0239251281966184,4,4,4,4,5,5,7,7,9,9,9
GET,/invoices?limit=25,88,88,4,4.0292765114083355,1.449792000130401,7.5527500002863235,22.0,1.5093678922144271,1.5093678922144271,4,5,5,5,6,6,7,8,8,8,8
GET,/invoices?limit=500,122,122,4,3.3889529098978826,1.1137499996038969,7.528209000156494,22.0,2.0925327596609105,2.0925327596609105,4,4,4,4,5,5,6,7,8,8,8
GET,/invoices?skip=1&limit=100,1,1,1.9857500001307926,1.9857500001307926,1.9857500001307926,1.9857500001307926,22.0,0.017151907866073037,0.017151907866073037,2,2,2,2,2,2,2,2,2,2,2
GET,/invoices?skip=100&limit=25,1,1,7.619666999744368,7.619666999744368,7.619666999744368,7.619666999744368,22.0,0.017151907866073037,0.017151907866073037,8,8,8,8,8,8,8,8,8,8,8
GET,/invoices?skip=12&limit=50,1,1,6.667500000730797,6.667500000730797,6.667500000730797,6.667500000730797,22.0,0.017151907866073037,0.017151907866073037,7,7,7,7,7,7,7,7,7,7,7
GET,/invoices?skip=13&limit=10,1,1,2.3705419998805155,2.3705419998805155,2.3705419998805155,2.3705419998805155,22.0,0.017151907866073037,0.017151907866073037,2,2,2,2,2,2,2,2,2,2,2
GET,/invoices?skip=15&limit=10,1,1,3.455459000178962,3.455459000178962,3.455459000178962,3.455459000178962,22.0,0.017151907866073037,0.017151907866073037,3,3,3,3,3,3,3,3,3,3,3
GET,/invoices?skip=16&limit=100,1,1,3.5554579999370617,3.5554579999370617,3.5554579999370617,3.5554579999370617,22.0,0.017151907866073037,0.017151907866073037,4,4,4,4,4,4,4,4,4,4,4
GET,/invoices?skip=17&limit=50,1,1,4.618709000169474,4.618709000169474,4.618709000169474,4.618709000169474,22.0,0.017151907866073037,0.017151907866073037,5,5,5,5,5,5,5,5,5,5,5
GET,/invoices?skip=18&limit=50,1,1,3.9757909999025287,3.9757909999025287,3.9757909999025287,3.9757909999025287,22.0,0.017151907866073037,0.017151907866073037,4,4,4,4,4,4,4,4,4,4,4
GET,/invoices?skip=23&limit=50,1,1,3.252250000514323,3.252250000514323,3.252250000514323,3.252250000514323,22.0,0.017151907866073037,0.017151907866073037,3,3,3,3,3,3,3,3,3,3,3
GET,/invoices?skip=27&limit=25,1,1,4.2493339997236035,4.2493339997236035,4.2493339997236035,4.2493339997236035,22.0,0.017151907866073037,0.017151907866073037,4,4,4,4,4,4,4,4,4,4,4
GET,/invoices?skip=3&limit=25,1,1,4.280333000679093,4.280333000679093,4.280333000679093,4.280333000679093,22.0,0.017151907866073037,0.017151907866073037,4,4,4,4,4,4,4,4,4,4,4
GET,/invoices?skip=33&limit=100,1,1,4.157375000431784,4.157375000431784,4.157375000431784,4.157375000431784,22.0,0.017151907866073037,0.017151907866073037,4,4,4,4,4,4,4,4,4,4,4
GET,/invoices?skip=33&limit=25,2,2,3.101541999967594,3.7842505003027327,3.101541999967594,4.466959000637871,22.0,0.034303815732146074,0.034303815732146074,4,4,4,4,4,4,4,4,4,4,4
GET,/invoices?skip=36&limit=50,1,1,1.7857499997262494,1.7857499997262494,1.7857499997262494,1.7857499997262494,22.0,0.017151907866073037,0.017151907866073037,2,2,2,2,2,2,2,2,2,2,2
GET,/invoices?skip=4&limit=50,1,1,4.272625000339758,4.272625000339758,4.272625000339758,4.272625000339758,22.0,0.017151907866073037,0.017151907866073037,4,4,4,4,4,4,4,4,4,4,4
GET,/invoices?skip=41&limit=50,1,1,4.052083000715356,4.052083000715356,4.052083000715356,4.052083000715356,22.0,0.017151907866073037,0.017151907866073037,4,4,4,4,4,4,4,4,4,4,4
GET,/invoices?skip=44&limit=50,1,1,2.6484159998290124,2.6484159998290124,2.6484159998290124,2.6484159998290124,22.0,0.017151907866073037,0.017151907866073037,3,3,3,3,3,3,3,3,3,3,3
GET,/invoices?skip=45&limit=10,1,1,4.435583000486076,4.435583000486076,4.435583000486076,4.435583000486076,22.0,0.017151907866073037,0.017151907866073037,4,4,4,4,4,4,4,4,4,4,4
GET,/invoices?skip=45&limit=50,1,1,3.4151669997299905,3.4151669997299905,3.4151669997299905,3.4151669997299905,22.0,0.017151907866073037,0.017151907866073037,3,3,3,3,3,3,3,3,3,3,3
GET,/invoices?skip=48&limit=25,1,1,2.7986670002064784,2.7986670002064784,2.7986670002064784,2.7986670002064784,22.0,0.017151907866073037,0.017151907866073037,3,3,3,3,3,3,3,3,3,3,3
GET,/invoices?skip=51&limit=25,1,1,3.6928330000591814,3.6928330000591814,3.6928330000591814,3.6928330000591814,22.0,0.017151907866073037,0.017151907866073037,4,4,4,4,4,4,4,4,4,4,4
GET,/invoices?skip=61&limit=10,1,1,2.2176250004122267,2.2176250004122267,2.2176250004122267,2.2176250004122267,22.0,0.017151907866073037,0.017151907866073037,2,2,2,2,2,2,2,2,2,2,2
GET,/invoices?skip=61&limit=100,1,1,4.745707999973092,4.745707999973092,4.745707999973092,4.745707999973092,22.0,0.017151907866073037,0.017151907866073037,5,5,5,5,5,5,5,5,5,5,5
GET,/invoices?skip=66&limit=100,1,1,3.861041000163823,3.861041000163823,3.861041000163823,3.861041000163823,22.0,0.017151907866073037,0.017151907866073037,4,4,4,4,4,4,4,4,4,4,4
GET,/invoices?skip=7&limit=100,1,1,3.305833000013081,3.305833000013081,3.305833000013081,3.305833000013081,22.0,0.017151907866073037,0.017151907866073037,3,3,3,3,3,3,3,3,3,3,3
GET,/invoices?skip=81&limit=25,1,1,4.537915999208053,4.537915999208053,4.537915999208053,4.537915999208053,22.0,0.017151907866073037,0.017151907866073037,5,5,5,5,5,5,5,5,5,5,5
GET,/invoices?skip=84&limit=25,1,1,6.1541250006484916,6.1541250006484916,6.1541250006484916,6.1541250006484916,22.0,0.017151907866073037,0.017151907866073037,6,6,6,6,6,6,6,6,6,6,6
GET,/invoices?skip=86&limit=50,1,1,4.698040999755904,4.698040999755904,4.698040999755904,4.698040999755904,22.0,0.017151907866073037,0.017151907866073037,5,5,5,5,5,5,5,5,5,5,5
GET,/invoices?skip=94&limit=100,1,1,2.9010840007686056,2.9010840007686056,2.9010840007686056,2.9010840007686056,22.0,0.017151907866073037,0.017151907866073037,3,3,3,3,3,3,3,3,3,3,3
GET,/regions,20,20,4,3.474818649920053,1.2980419996893033,7.95399999969959,22.0,0.3430381573214607,0.3430381573214607,4,4,4,4,5,8,8,8,8,8,8
GET,/suppliers?limit=10,7,7,3,3.1946010000995426,1.719416000014462,6.2004159999560216,22.0,0.12006335506251124,0.12006335506251124,3,3,4,4,6,6,6,6,6,6,6
GET,/suppliers?limit=15,96,96,4,4.551164093745304,1.5017089999673772,30.19600000061473,22.0,1.6465831551430115,1.6465831551430115,4,5,5,6,6,6,7,30,30,30,30
GET,/suppliers?limit=200,97,97,4,3.5104553402017755,0.8447919999525766,8.797292000053858,22.0,1.6637350630090844,1.6637350630090844,4,4,4,4,5,6,8,9,9,9,9
GET,/suppliers?limit=25,16,16,4,3.5043541875552364,1.473416999942856,4.906041000140249,22.0,0.2744305258571686,0.2744305258571686,4,4,4,4,5,5,5,5,5,5,5
GET,/suppliers?limit=50,8,8,3,3.1864011249354007,1.3839580005878815,4.656541999793262,22.0,0.1372152629285843,0.1372152629285843,4,4,4,4,5,5,5,5,5,5,5
POST,/token,50,0,12,11.528485819981142,5.959999999504362,16.57912500013481,71.0,0.8575953933036518,0.0,12,12,13,13,15,17,17,17,17,17,17
POST,/users,22,22,4,3.9319203636048106,1.706666999780282,6.563500000083877,22.0,0.3773419730536068,0.3773419730536068,4,4,5,5,5,5,7,7,7,7,7
GET,/users?limit=10,101,101,4,4.34674293069968,1.223707999997714,21.35791699947731,22.0,1.7323426944733766,1.7323426944733766,4,5,5,5,6,6,7,8,21,21,21
GET,/users?limit=500,115,115,4,3.6885452434865367,1.2907079999422422,7.300874999600637,22.0,1.972469404598399,1.972469404598399,4,4,4,4,5,5,6,7,7,7,7
GET,/users?search=acme&limit=25,2,2,3.1882080002105795,3.363333000379498,3.1882080002105795,3.5384580005484167,22.0,0.034303815732146074,0.034303815732146074,4,4,4,4,4,4,4,4,4,4,4
GET,/users?search=admin&limit=25,6,6,3,3.3484791668646117,2.3858750000727014,4.319790999943507,22.0,0.10291144719643822,0.10291144719643822,4,4,4,4,4,4,4,4,4,4,4
GET,/users?search=global&limit=25,1,1,4.204083000331593,4.204083000331593,4.204083000331593,4.204083000331593,22.0,0.017151907866073037,0.017151907866073037,4,4,4,4,4,4,4,4,4,4,4
GET,/users?search=test&limit=25,6,6,4,4.197715000069972,2.1735000000262517,7.580540999697405,22.0,0.10291144719643822,0.10291144719643822,4,4,4,4,8,8,8,8,8,8,8
GET,/users?search=user&limit=25,3,3,2.0622499996534316,2.489708666568428,2.0622499996534316,3.215292000277259,22.0,0.05145572359821911,0.05145572359821911,2,2,3,3,3,3,3,3,3,3,3
GET,/users?skip=10&limit=10,1,1,1.091041999643494,1.091041999643494,1.091041999643494,1.091041999643494,22.0,0.017151907866073037,0.017151907866073037,1,1,1,1,1,1,1,1,1,1,1
GET,/users?skip=107&limit=50,1,1,3.7827080004717573,3.7827080004717573,3.7827080004717573,3.7827080004717573,22.0,0.017151907866073037,0.017151907866073037,4,4,4,4,4,4,4,4,4,4,4
GET,/users?skip=108&limit=50,1,1,5.641042000206653,5.641042000206653,5.641042000206653,5.641042000206653,22.0,0.017151907866073037,0.017151907866073037,6,6,6,6,6,6,6,6,6,6,6
GET,/users?skip=109&limit=50,1,1,4.228708000482584,4.228708000482584,4.228708000482584,4.228708000482584,22.0,0.017151907866073037,0.017151907866073037,4,4,4,4,4,4,4,4,4,4,4
GET,/users?skip=11&limit=25,1,1,3.9758749999236898,3.9758749999236898,3.9758749999236898,3.9758749999236898,22.0,0.017151907866073037,0.017151907866073037,4,4,4,4,4,4,4,4,4,4,4
GET,/users?skip=110&limit=10,1,1,4.4510409998110845,4.4510409998110845,4.4510409998110845,4.4510409998110845,22.0,0.017151907866073037,0.017151907866073037,4,4,4,4,4,4,4,4,4,4,4
GET,/users?skip=114&limit=50,1,1,4.365457999483624,4.365457999483624,4.365457999483624,4.365457999483624,22.0,0.017151907866073037,0.017151907866073037,4,4,4,4,4,4,4,4,4,4,4
GET,/users?skip=12&limit=25,1,1,4.164083999967261,4.164083999967261,4.164083999967261,4.164083999967261,22.0,0.017151907866073037,0.017151907866073037,4,4,4,4,4,4,4,4,4,4,4
GET,/users?skip=120&limit=25,1,1,4.7808340004849015,4.7808340004849015,4.7808340004849015,4.7808340004849015,22.0,0.017151907866073037,0.017151907866073037,5,5,5,5,5,5,5,5,5,5,5
GET,/users?skip=125&limit=10,1,1,3.1655000002501765,3.1655000002501765,3.1655000002501765,3.1655000002501765,22.0,0.017151907866073037,0.017151907866073037,3,3,3,3,3,3,3,3,3,3,3
GET,/users?skip=13&limit=25,2,2,4.326125000261527,4.492458500408247,4.326125000261527,4.658792000554968,22.0,0.034303815732146074,0.034303815732146074,5,5,5,5,5,5,5,5,5,5,5
GET,/users?skip=130&limit=10,1,1,4.402415999720688,4.402415999720688,4.402415999720688,4.402415999720688,22.0,0.017151907866073037,0.017151907866073037,4,4,4,4,4,4,4,4,4,4,4
GET,/users?skip=131&limit=50,1,1,3.6176670000713784,3.6176670000713784,3.6176670000713784,3.6176670000713784,22.0,0.017151907866073037,0.017151907866073037,4,4,4,4,4,4,4,4,4,4,4
GET,/users?skip=136&limit=25,1,1,5.287875000249187,5.287875000249187,5.287875000249187,5.287875000249187,22.0,0.017151907866073037,0.017151907866073037,5,5,5,5,5,5,5,5,5,5,5
GET,/users?skip=138&limit=50,1,1,5.255625000245345,5.255625000245345,5.255625000245345,5.255625000245345,22.0,0.017151907866073037,0.017151907866073037,5,5,5,5,5,5,5,5,5,5,5
GET,/users?skip=14&limit=10,1,1,3.6014170000271406,3.6014170000271406,3.6014170000271406,3.6014170000271406,22.0,0.017151907866073037,0.017151907866073037,4,4,4,4,4,4,4,4,4,4,4
GET,/users?skip=14&limit=25,2,2,2.464666999912879,3.1197500002235756,2.464666999912879,3.7748330005342723,22.0,0.034303815732146074,0.034303815732146074,4,4,4,4,4,4,4,4,4,4,4
GET,/users?skip=14&limit=50,2,2,4.141749999689637,4.893582999557111,4.141749999689637,5.645415999424586,22.0,0.034303815732146074,0.034303815732146074,6,6,6,6,6,6,6,6,6,6,6
GET,/users?skip=144&limit=10,1,1,1.968833999853814,1.968833999853814,1.968833999853814,1.968833999853814,22.0,0.017151907866073037,0.017151907866073037,2,2,2,2,2,2,2,2,2,2,2
GET,/users?skip=146&limit=50,1,1,3.7081250002302113,3.7081250002302113,3.7081250002302113,3.7081250002302113,22.0,0.017151907866073037,0.017151907866073037,4,4,4,4,4,4,4,4,4,4,4
GET,/users?skip=148&limit=25,1,1,5.384749999393534,5.384749999393534,5.384749999393534,5.384749999393534,22.0,0.017151907866073037,0.017151907866073037,5,5,5,5,5,5,5,5,5,5,5
GET,/users?skip=149&limit=50,1,1,1.8888330005211174,1.8888330005211174,1.8888330005211174,1.8888330005211174,22.0,0.017151907866073037,0.017151907866073037,2,2,2,2,2,2,2,2,2,2,2
GET,/users?skip=15&limit=10,1,1,3.9929999993546517,3.9929999993546517,3.9929999993546517,3.9929999993546517,22.0,0.017151907866073037,0.017151907866073037,4,4,4,4,4,4,4,4,4,4,4
GET,/users?skip=15&limit=25,1,1,1.89183300062723,1.89183300062723,1.89183300062723,1.89183300062723,22.0,0.017151907866073037,0.017151907866073037,2,2,2,2,2,2,2,2,2,2,2
GET,/users?skip=151&limit=25,1,1,3.36470799993549,3.36470799993549,3.36470799993549,3.36470799993549,22.0,0.017151907866073037,0.017151907866073037,3,3,3,3,3,3,3,3,3,3,3
GET,/users?skip=151&limit=50,2,2,2.074125000035565,3.693583500080422,2.074125000035565,5.313042000125279,22.0,0.034303815732146074,0.034303815732146074,5,5,5,5,5,5,5,5,5,5,5
GET,/users?skip=153&limit=10,1,1,2.2744170000805752,2.2744170000805752,2.2744170000805752,2.2744170000805752,22.0,0.017151907866073037,0.017151907866073037,2,2,2,2,2,2,2,2,2,2,2
GET,/users?skip=158&limit=50,1,1,2.651666999554436,2.651666999554436,2.651666999554436,2.651666999554436,22.0,0.017151907866073037,0.017151907866073037,3,3,3,3,3,3,3,3,3,3,3
GET,/users?skip=159&limit=50,1,1,3.890666000188503,3.890666000188503,3.890666000188503,3.890666000188503,22.0,0.017151907866073037,0.017151907866073037,4,4,4,4,4,4,4,4,4,4,4
GET,/users?skip=160&limit=50,1,1,5.668208999850322,5.668208999850322,5.668208999850322,5.668208999850322,22.0,0.017151907866073037,0.017151907866073037,6,6,6,6,6,6,6,6,6,6,6
GET,/users?skip=161&limit=10,1,1,5.950875000053202,5.950875000053202,5.950875000053202,5.950875000053202,22.0,0.017151907866073037,0.017151907866073037,6,6,6,6,6,6,6,6,6,6,6
GET,/users?skip=169&limit=50,1,1,5.603999999948428,5.603999999948428,5.603999999948428,5.603999999948428,22.0,0.017151907866073037,0.017151907866073037,6,6,6,6,6,6,6,6,6,6,6
GET,/users?skip=17&limit=50,1,1,2.8116250005041366,2.8116250005041366,2.8116250005041366,2.8116250005041366,22.0,0.017151907866073037,0.017151907866073037,3,3,3,3,3,3,3,3,3,3,3
GET,/users?skip=170&limit=50,1,1,4.261166999640409,4.261166999640409,4.261166999640409,4.261166999640409,22.0,0.017151907866073037,0.017151907866073037,4,4,4,4,4,4,4,4,4,4,4
GET,/users?skip=178&limit=25,1,1,4.667791999963811,4.667791999963811,4.667791999963811,4.667791999963811,22.0,0.017151907866073037,0.017151907866073037,5,5,5,5,5,5,5,5,5,5,5
GET,/users?skip=179&limit=50,1,1,4.537750000054075,4.537750000054075,4.537750000054075,4.537750000054075,22.0,0.017151907866073037,0.017151907866073037,5,5,5,5,5,5,5,5,5,5,5
GET,/users?skip=18&limit=50,1,1,3.551000000697968,3.551000000697968,3.551000000697968,3.551000000697968,22.0,0.017151907866073037,0.017151907866073037,4,4,4,4,4,4,4,4,4,4,4
GET,/users?skip=180&limit=10,1,1,3.8514999996550614,3.8514999996550614,3.8514999996550614,3.8514999996550614,22.0,0.017151907866073037,0.017151907866073037,4,4,4,4,4,4,4,4,4,4,4
GET,/users?skip=184&limit=50,1,1,4.114166000363184,4.114166000363184,4.114166000363184,4.114166000363184,22.0,0.017151907866073037,0.017151907866073037,4,4,4,4,4,4,4,4,4,4,4
GET,/users?skip=186&limit=10,1,1,4.424917000505957,4.424917000505957,4.424917000505957,4.424917000505957,22.0,0.017151907866073037,0.017151907866073037,4,4,4,4,4,4,4,4,4,4,4
GET,/users?skip=189&limit=25,1,1,2.87629200010997,2.87629200010997,2.87629200010997,2.87629200010997,22.0,0.017151907866073037,0.017151907866073037,3,3,3,3,3,3,3,3,3,3,3
GET,/users?skip=19&limit=10,1,1,3.7520420000873855,3.7520420000873855,3.7520420000873855,3.7520420000873855,22.0,0.017151907866073037,0.017151907866073037,4,4,4,4,4,4,4,4,4,4,4
GET,/users?skip=190&limit=10,1,1,3.477874999589403,3.477874999589403,3.477874999589403,3.477874999589403,22.0,0.017151907866073037,0.017151907866073037,3,3,3,3,3,3,3,3,3,3,3
GET,/users?skip=198&limit=25,1,1,5.276791999676789,5.276791999676789,5.276791999676789,5.276791999676789,22.0,0.017151907866073037,0.017151907866073037,5,5,5,5,5,5,5,5,5,5,5
GET,/users?skip=2&limit=10,1,1,3.3363750007993076,3.3363750007993076,3.3363750007993076,3.3363750007993076,22.0,0.017151907866073037,0.017151907866073037,3,3,3,3,3,3,3,3,3,3,3
GET,/users?skip=2&limit=50,1,1,4.388416999972833,4.388416999972833,4.388416999972833,4.388416999972833,22.0,0.017151907866073037,0.017151907866073037,4,4,4,4,4,4,4,4,4,4,4
GET,/users?skip=20&limit=25,1,1,5.065457999990031,5.065457999990031,5.065457999990031,5.065457999990031,22.0,0.017151907866073037,0.017151907866073037,5,5,5,5,5,5,5,5,5,5,5
GET,/users?skip=23&limit=10,1,1,3.762625000490516,3.762625000490516,3.762625000490516,3.762625000490516,22.0,0.017151907866073037,0.017151907866073037,4,4,4,4,4,4,4,4,4,4,4
GET,/users?skip=24&limit=10,1,1,3.5663329999806592,3.5663329999806592,3.5663329999806592,3.5663329999806592,22.0,0.017151907866073037,0.017151907866073037,4,4,4,4,4,4,4,4,4,4,4
GET,/users?skip=25&limit=10,2,2,4.107750000002852,9.763749999819993,4.107750000002852,15.419749999637133,22.0,0.034303815732146074,0.034303815732146074,15,15,15,15,15,15,15,15,15,15,15
GET,/users?skip=27&limit=10,1,1,3.449082999395614,3.449082999395614,3.449082999395614,3.449082999395614,22.0,0.017151907866073037,0.017151907866073037,3,3,3,3,3,3,3,3,3,3,3
GET,/users?skip=27&limit=50,1,1,3.9802499995857943,3.9802499995857943,3.9802499995857943,3.9802499995857943,22.0,0.017151907866073037,0.017151907866073037,4,4,4,4,4,4,4,4,4,4,4
GET,/users?skip=28&limit=10,1,1,1.5949999997246778,1.5949999997246778,1.5949999997246778,1.5949999997246778,22.0,0.017151907866073037,0.017151907866073037,2,2,2,2,2,2,2,2,2,2,2
GET,/users?skip=29&limit=10,2,2,1.142207999691891,2.280437499848631,1.142207999691891,3.418667000005371,22.0,0.034303815732146074,0.034303815732146074,3,3,3,3,3,3,3,3,3,3,3
GET,/users?skip=29&limit=25,1,1,3.5689160004039877,3.5689160004039877,3.5689160004039877,3.5689160004039877,22.0,0.017151907866073037,0.017151907866073037,4,4,4,4,4,4,4,4,4,4,4
GET,/users?skip=30&limit=10,3,3,2,2.881083333401572,1.9268750002083834,4.559125000014319,22.0,0.05145572359821911,0.05145572359821911,2,2,5,5,5,5,5,5,5,5,5
GET,/users?skip=32&limit=25,1,1,2.945624999483698,2.945624999483698,2.945624999483698,2.945624999483698,22.0,0.017151907866073037,0.017151907866073037,3,3,3,3,3,3,3,3,3,3,3
GET,/users?skip=32&limit=50,1,1,4.200875000606175,4.200875000606175,4.200875000606175,4.200875000606175,22.0,0.017151907866073037,0.017151907866073037,4,4,4,4,4,4,4,4,4,4,4
GET,/users?skip=33&limit=10,1,1,3.416333000131999,3.416333000131999,3.416333000131999,3.416333000131999,22.0,0.017151907866073037,0.017151907866073037,3,3,3,3,3,3,3,3,3,3,3
GET,/users?skip=33&limit=50,1,1,2.713374999984808,2.713374999984808,2.713374999984808,2.713374999984808,22.0,0.017151907866073037,0.017151907866073037,3,3,3,3,3,3,3,3,3,3,3
GET,/users?skip=34&limit=10,1,1,3.868458999932045,3.868458999932045,3.868458999932045,3.868458999932045,22.0,0.017151907866073037,0.017151907866073037,4,4,4,4,4,4,4,4,4,4,4
GET,/users?skip=34&limit=25,1,1,4.008500000054482,4.008500000054482,4.008500000054482,4.008500000054482,22.0,0.017151907866073037,0.017151907866073037,4,4,4,4,4,4,4,4,4,4,4
GET,/users?skip=35&limit=25,1,1,3.7167919999774313,3.7167919999774313,3.7167919999774313,3.7167919999774313,22.0,0.017151907866073037,0.017151907866073037,4,4,4,4,4,4,4,4,4,4,4
GET,/users?skip=35&limit=50,3,3,3.0532079999829875,3.620652666540991,3.0532079999829875,4.490541999984998,22.0,0.05145572359821911,0.05145572359821911,3,3,4,4,4,4,4,4,4,4,4
GET,/users?skip=36&limit=25,1,1,2.7616670004135813,2.7616670004135813,2.7616670004135813,2.7616670004135813,22.0,0.017151907866073037,0.017151907866073037,3,3,3,3,3,3,3,3,3,3,3
GET,/users?skip=36&limit=50,1,1,4.430082999533624,4.430082999533624,4.430082999533624,4.430082999533624,22.0,0.017151907866073037,0.017151907866073037,4,4,4,4,4,4,4,4,4,4,4
GET,/users?skip=37&limit=25,1,1,4.370417000245652,4.370417000245652,4.370417000245652,4.370417000245652,22.0,0.017151907866073037,0.017151907866073037,4,4,4,4,4,4,4,4,4,4,4
GET,/users?skip=37&limit=50,3,3,3,3.0329723331306013,2.433165999718767,3.494333999697119,22.0,0.05145572359821911,0.05145572359821911,3,3,3,3,3,3,3,3,3,3,3
GET,/users?skip=38&limit=10,2,2,3.3491249996586703,3.596916499645886,3.3491249996586703,3.8447079996331013,22.0,0.034303815732146074,0.034303815732146074,4,4,4,4,4,4,4,4,4,4,4
GET,/users?skip=38&limit=25,1,1,6.1052089995428105,6.1052089995428105,6.1052089995428105,6.1052089995428105,22.0,0.017151907866073037,0.017151907866073037,6,6,6,6,6,6,6,6,6,6,6
GET,/users?skip=4&limit=10,1,1,4.589707999912207,4.589707999912207,4.589707999912207,4.589707999912207,22.0,0.017151907866073037,0.017151907866073037,5,5,5,5,5,5,5,5,5,5,5
GET,/users?skip=41&limit=10,1,1,3.012499999385909,3.012499999385909,3.012499999385909,3.012499999385909,22.0,0.017151907866073037,0.017151907866073037,3,3,3,3,3,3,3,3,3,3,3
GET,/users?skip=41&limit=25,2,2,2,2.3579374997098057,1.734999999825959,2.9808749995936523,22.0,0.034303815732146074,0.034303815732146074,3,3,3,3,3,3,3,3,3,3,3
GET,/users?skip=44&limit=25,1,1,3.2112919998326106,3.2112919998326106,3.2112919998326106,3.2112919998326106,22.0,0.017151907866073037,0.017151907866073037,3,3,3,3,3,3,3,3,3,3,3
GET,/users?skip=45&limit=10,1,1,1.95929200071987,1.95929200071987,1.95929200071987,1.95929200071987,22.0,0.017151907866073037,0.017151907866073037,2,2,2,2,2,2,2,2,2,2,2
GET,/users?skip=46&limit=25,1,1,4.455500000403845,4.455500000403845,4.455500000403845,4.455500000403845,22.0,0.017151907866073037,0.017151907866073037,4,4,4,4,4,4,4,4,4,4,4
GET,/users?skip=46&limit=50,1,1,3.1485420004173648,3.1485420004173648,3.1485420004173648,3.1485420004173648,22.0,0.017151907866073037,0.017151907866073037,3,3,3,3,3,3,3,3,3,3,3
GET,/users?skip=47&limit=10,2,2,2.090082999529841,3.0550829997082474,2.090082999529841,4.020082999886654,22.0,0.034303815732146074,0.034303815732146074,4,4,4,4,4,4,4,4,4,4,4
GET,/users?skip=47&limit=50,2,2,4.055917000187037,4.283083500013163,4.055917000187037,4.510249999839289,22.0,0.034303815732146074,0.034303815732146074,5,5,5,5,5,5,5,5,5,5,5
GET,/users?skip=48&limit=50,1,1,4.284333999748924,4.284333999748924,4.284333999748924,4.284333999748924,22.0,0.017151907866073037,0.017151907866073037,4,4,4,4,4,4,4,4,4,4,4
GET,/users?skip=49&limit=25,1,1,4.509792000135349,4.509792000135349,4.509792000135349,4.509792000135349,22.0,0.017151907866073037,0.017151907866073037,5,5,5,5,5,5,5,5,5,5,5
GET,/users?skip=49&limit=50,1,1,3.650583000307961,3.650583000307961,3.650583000307961,3.650583000307961,22.0,0.017151907866073037,0.017151907866073037,4,4,4,4,4,4,4,4,4,4,4
GET,/users?skip=5&limit=10,2,2,4,4.067811999448168,3.8679579993186053,4.26766599957773,22.0,0.034303815732146074,0.034303815732146074,4,4,4,4,4,4,4,4,4,4,4
GET,/users?skip=5&limit=25,2,2,4,4.041354499804584,3.709999999955471,4.372708999653696,22.0,0.034303815732146074,0.034303815732146074,4,4,4,4,4,4,4,4,4,4,4
GET,/users?skip=50&limit=10,1,1,4.050999999890337,4.050999999890337,4.050999999890337,4.050999999890337,22.0,0.017151907866073037,0.017151907866073037,4,4,4,4,4,4,4,4,4,4,4
GET,/users?skip=50&limit=25,1,1,3.764416999729292,3.764416999729292,3.764416999729292,3.764416999729292,22.0,0.017151907866073037,0.017151907866073037,4,4,4,4,4,4,4,4,4,4,4
GET,/users?skip=55&limit=10,1,1,2.1731670003646286,2.1731670003646286,2.1731670003646286,2.1731670003646286,22.0,0.017151907866073037,0.017151907866073037,2,2,2,2,2,2,2,2,2,2,2
GET,/users?skip=6&limit=10,2,2,3.275416999713343,3.672020999601955,3.275416999713343,4.0686249994905666,22.0,0.034303815732146074,0.034303815732146074,4,4,4,4,4,4,4,4,4,4,4
GET,/users?skip=60&limit=10,1,1,4.236916999616369,4.236916999616369,4.236916999616369,4.236916999616369,22.0,0.017151907866073037,0.017151907866073037,4,4,4,4,4,4,4,4,4,4,4
GET,/users?skip=60&limit=50,1,1,4.111208999347582,4.111208999347582,4.111208999347582,4.111208999347582,22.0,0.017151907866073037,0.017151907866073037,4,4,4,4,4,4,4,4,4,4,4
GET,/users?skip=64&limit=25,1,1,5.029583000577986,5.029583000577986,5.029583000577986,5.029583000577986,22.0,0.017151907866073037,0.017151907866073037,5,5,5,5,5,5,5,5,5,5,5
GET,/users?skip=64&limit=50,1,1,4.626165999980003,4.626165999980003,4.626165999980003,4.626165999980003,22.0,0.017151907866073037,0.017151907866073037,5,5,5,5,5,5,5,5,5,5,5
GET,/users?skip=65&limit=10,1,1,3.1810000000405125,3.1810000000405125,3.1810000000405125,3.1810000000405125,22.0,0.017151907866073037,0.017151907866073037,3,3,3,3,3,3,3,3,3,3,3
GET,/users?skip=68&limit=50,1,1,5.602500000350119,5.602500000350119,5.602500000350119,5.602500000350119,22.0,0.017151907866073037,0.017151907866073037,6,6,6,6,6,6,6,6,6,6,6
GET,/users?skip=7&limit=25,1,1,4.377000000204134,4.377000000204134,4.377000000204134,4.377000000204134,22.0,0.017151907866073037,0.017151907866073037,4,4,4,4,4,4,4,4,4,4,4
GET,/users?skip=71&limit=25,1,1,3.116541000053985,3.116541000053985,3.116541000053985,3.116541000053985,22.0,0.017151907866073037,0.017151907866073037,3,3,3,3,3,3,3,3,3,3,3
GET,/users?skip=72&limit=50,1,1,6.677041999864741,6.677041999864741,6.677041999864741,6.677041999864741,22.0,0.017151907866073037,0.017151907866073037,7,7,7,7,7,7,7,7,7,7,7
GET,/users?skip=74&limit=25,1,1,3.9467079996029497,3.9467079996029497,3.9467079996029497,3.9467079996029497,22.0,0.017151907866073037,0.017151907866073037,4,4,4,4,4,4,4,4,4,4,4
GET,/users?skip=8&limit=50,1,1,7.842999999411404,7.842999999411404,7.842999999411404,7.842999999411404,22.0,0.017151907866073037,0.017151907866073037,8,8,8,8,8,8,8,8,8,8,8
GET,/users?skip=81&limit=25,1,1,3.763332999369595,3.763332999369595,3.763332999369595,3.763332999369595,22.0,0.017151907866073037,0.017151907866073037,4,4,4,4,4,4,4,4,4,4,4
GET,/users?skip=81&limit=50,1,1,3.41308399947593,3.41308399947593,3.41308399947593,3.41308399947593,22.0,0.017151907866073037,0.017151907866073037,3,3,3,3,3,3,3,3,3,3,3
GET,/users?skip=84&limit=50,1,1,4.237999999531894,4.237999999531894,4.237999999531894,4.237999999531894,22.0,0.017151907866073037,0.017151907866073037,4,4,4,4,4,4,4,4,4,4,4
GET,/users?skip=87&limit=10,1,1,3.381333000106679,3.381333000106679,3.381333000106679,3.381333000106679,22.0,0.017151907866073037,0.017151907866073037,3,3,3,3,3,3,3,3,3,3,3
GET,/users?skip=89&limit=10,1,1,2.824707999934617,2.824707999934617,2.824707999934617,2.824707999934617,22.0,0.017151907866073037,0.017151907866073037,3,3,3,3,3,3,3,3,3,3,3
GET,/users?skip=90&limit=10,1,1,3.2885419996091514,3.2885419996091514,3.2885419996091514,3.2885419996091514,22.0,0.017151907866073037,0.017151907866073037,3,3,3,3,3,3,3,3,3,3,3
GET,/users?skip=93&limit=25,1,1,4.619499999535037,4.619499999535037,4.619499999535037,4.619499999535037,22.0,0.017151907866073037,0.017151907866073037,5,5,5,5,5,5,5,5,5,5,5
GET,/users?skip=95&limit=10,1,1,3.426708000006329,3.426708000006329,3.426708000006329,3.426708000006329,22.0,0.017151907866073037,0.017151907866073037,3,3,3,3,3,3,3,3,3,3,3
,Aggregated,1052,1002,4,4.1866467385981085,0.8447919999525766,30.19600000061473,24.328897338403042,18.043807075108834,17.186211681805183,4,4,5,5,6,8,12,14,21,30,30
